Id,Recovery Index
6253,56.0
4685,24.3125
1732,48.76923076923077
4743,29.0
4522,42.7
6341,59.4
577,46.4
5203,88.0909090909091
6364,38.46153846153846
440,73.4
2751,62.5
7488,25.333333333333332
5273,62.88235294117647
5654,43.916666666666664
4000,48.8
6034,45.9
583,57.5
9931,77.0
7052,66.04761904761905
8159,45.84615384615385
9897,62.75
2250,16.764705882352942
4641,39.916666666666664
9486,77.3
4948,83.2
9921,33.36363636363637
1964,32.166666666666664
8244,86.16666666666667
6591,51.166666666666664
8848,56.23076923076923
322,60.3
2679,34.18181818181818
4626,39.0
4950,51.166666666666664
8329,35.333333333333336
3338,62.88235294117647
5590,51.64705882352941
252,43.416666666666664
3974,76.72727272727273
6631,77.91666666666667
5548,83.1
36,75.07692307692308
8363,67.46153846153847
1514,93.85714285714286
9318,69.45454545454545
40,64.875
4820,74.27272727272727
3466,68.1
1761,75.36363636363636
2305,46.13333333333333
3724,71.92857142857143
8285,57.0625
4994,71.8
8128,81.72727272727273
3033,75.0909090909091
7939,89.0
3040,71.0
9656,88.3
2546,77.53333333333333
2593,60.4
1189,38.333333333333336
7967,36.0
6078,16.25
108,83.1
1316,84.33333333333333
8188,35.833333333333336
2754,29.636363636363637
9754,66.04761904761905
6232,38.8
2877,74.70588235294117
5324,61.42857142857143
800,91.33333333333333
3571,88.3
2895,92.0909090909091
2928,67.8
8179,39.7
972,67.0
6688,42.083333333333336
8576,45.3
2021,78.33333333333333
9055,64.875
953,61.53333333333333
5360,64.25
3858,49.833333333333336
5862,60.90909090909091
3146,38.0
3306,28.916666666666668
3007,80.4375
9002,66.0
7771,28.0
7439,20.833333333333332
7943,24.3125
9239,30.6
1057,74.75
3155,95.72222222222223
3788,80.13333333333334
9190,67.25
7826,89.0
7540,86.16666666666667
7232,59.0
765,81.76923076923077
5020,29.636363636363637
4904,34.72727272727273
8094,56.833333333333336
6844,18.454545454545453
2166,72.61538461538461
1863,50.86666666666667
7851,79.3529411764706
9124,72.46153846153847
2341,38.583333333333336
5528,48.166666666666664
6744,24.3125
4004,34.4
1124,28.352941176470587
8710,26.181818181818183
4050,28.0
7641,49.916666666666664
766,25.583333333333332
2345,25.333333333333332
4072,53.0
7217,38.84615384615385
4217,74.75
7953,88.3
5971,48.529411764705884
3351,49.0625
4696,59.8
3400,51.4
4082,68.1
9150,77.53333333333333
1225,56.89473684210526
6293,63.6
3123,54.529411764705884
511,67.875
5795,67.33333333333333
8182,20.8
9418,88.94444444444444
97,57.166666666666664
6682,38.0
1513,37.10526315789474
8792,16.764705882352942
120,44.0
7792,16.25
6518,41.6
34,48.8
7888,56.89473684210526
6831,43.0
5422,40.3
1069,68.1
1348,16.764705882352942
4748,30.727272727272727
6006,43.36363636363637
6040,45.7
3818,74.75
8447,43.416666666666664
5270,68.63636363636364
6898,18.272727272727273
5310,35.18181818181818
32,36.27272727272727
5675,49.53846153846154
4387,18.1
30,74.5
4203,35.18181818181818
7508,68.0
736,26.636363636363637
2068,41.8
107,81.61538461538461
9645,74.7
8895,16.7
8021,53.0
2233,56.0
994,48.4
9413,68.6
7059,51.0
6790,59.8
361,81.72727272727273
305,37.166666666666664
2628,44.90909090909091
8966,79.38461538461539
4514,55.578947368421055
5911,53.63636363636363
8314,42.0
3101,43.36363636363637
5704,57.88235294117647
3899,34.4
5441,57.0625
7931,48.4
622,76.27777777777777
7236,47.3
2499,37.75
714,65.0
8404,66.08333333333333
2856,80.13333333333334
4270,70.28571428571429
2909,92.0909090909091
8081,43.0
4517,73.21428571428571
1262,33.36363636363637
3161,22.083333333333332
971,43.416666666666664
3913,80.13333333333334
5199,36.23529411764706
8847,62.88235294117647
260,75.18181818181819
3791,42.3
9203,91.94117647058823
488,37.333333333333336
7908,30.923076923076923
519,75.18181818181819
8343,35.0
312,88.94444444444444
3232,58.125
7933,26.666666666666668
7458,22.90909090909091
9784,30.4
5184,20.5
8077,74.41666666666667
6502,13.416666666666666
6791,19.0
7773,20.09090909090909
2738,47.0
7842,47.083333333333336
6262,45.64705882352941
8206,78.33333333333333
1248,26.181818181818183
9336,20.5
4195,47.5
8001,25.90909090909091
7378,42.3
3435,59.09090909090909
5382,71.6
959,82.08333333333333
417,62.90909090909091
5742,35.333333333333336
6728,82.07692307692308
4382,82.08333333333333
5197,65.0
1113,68.1
2689,20.5
6473,62.75
8820,38.18181818181818
7808,36.0
3411,63.38461538461539
81,49.76923076923077
4614,72.61538461538461
1374,68.71428571428571
1510,71.92857142857143
6443,58.125
3071,46.13333333333333
3016,42.083333333333336
4823,76.75
7822,39.1578947368421
93,61.75
9421,68.6
6600,76.75
4443,75.07692307692308
7602,81.71428571428571
3835,66.36363636363636
9702,65.41666666666667
4322,58.0
3394,59.09090909090909
4752,36.23529411764706
7229,57.5
9191,47.0
2361,32.4375
1148,16.25
5666,70.9090909090909
8075,42.55
4943,20.833333333333332
3663,48.76923076923077
1563,74.7
4113,22.9
9050,61.90909090909091
9276,76.6
8538,41.3
795,70.91666666666667
5854,56.89473684210526
7619,56.625
1594,41.333333333333336
7418,83.2
5267,42.7
7147,34.63636363636363
89,54.529411764705884
8695,50.9
9732,25.90909090909091
9446,39.916666666666664
6754,70.9090909090909
3502,48.875
2234,59.0
2803,56.333333333333336
4424,47.3
5663,65.9
7170,71.2
8337,70.18181818181819
2148,35.07142857142857
7969,39.470588235294116
6551,35.18181818181818
7643,74.7
6164,77.3
1495,69.45454545454545
7696,68.4
7094,36.75
1409,72.8
6691,18.1
3401,49.25
109,48.875
5636,47.72222222222222
8482,23.3
6604,30.4
1091,62.3
5560,76.75
9412,54.294117647058826
8143,36.75
8664,18.1
6596,42.3
624,47.583333333333336
6871,35.07142857142857
4814,56.833333333333336
6553,82.9090909090909
7530,45.6
5796,56.833333333333336
7437,87.9375
4218,16.25
5941,58.3
8501,29.636363636363637
6429,50.833333333333336
6827,26.3
4131,59.8
7802,48.36842105263158
7754,74.70588235294117
4722,51.166666666666664
1651,49.0625
4141,84.66666666666667
1618,85.06666666666666
2030,91.94117647058823
8518,36.0
4576,53.857142857142854
3993,57.0625
7377,56.22222222222222
6150,63.15384615384615
4909,80.8
5027,73.4
8261,42.55
4732,63.38461538461539
7549,59.09090909090909
8135,49.64705882352941
1607,67.25
4774,58.125
8110,77.53333333333333
6952,56.54545454545455
6005,42.7
7729,74.7
3542,22.9
389,37.75
1795,66.36363636363636
8732,77.3
4920,43.09090909090909
5538,47.72222222222222
3873,56.23076923076923
8869,50.72222222222222
2255,79.38461538461539
3413,56.625
5460,48.36842105263158
4956,66.6
7397,64.53846153846153
5415,38.583333333333336
7400,53.63636363636363
7415,68.0
9101,30.6
4852,58.125
2026,69.83333333333333
2616,69.8
7389,34.42857142857143
2927,83.2
1122,44.5
2911,75.46666666666667
8147,62.0625
7384,43.0
3483,85.93333333333334
796,25.235294117647058
1576,30.923076923076923
6177,53.583333333333336
6267,52.69230769230769
2459,38.583333333333336
3313,41.3
1254,52.27272727272727
6835,80.05555555555556
8795,70.41666666666667
3838,62.75
4399,80.4375
3596,54.529411764705884
6622,50.9
8383,70.28571428571429
2125,60.3
3239,58.1578947368421
5404,78.875
5999,77.91666666666667
5939,39.1578947368421
2046,22.2
1579,42.3
15,65.41666666666667
2674,71.92857142857143
7017,60.36363636363637
8721,71.0
8850,26.545454545454547
4813,19.4
1085,66.1
4984,48.529411764705884
7156,79.3529411764706
2885,71.8
334,38.714285714285715
7205,88.94444444444444
4368,57.0625
3080,83.9090909090909
7204,56.833333333333336
9910,36.23529411764706
8865,42.06666666666667
264,49.833333333333336
4338,39.1578947368421
8896,31.6875
8448,74.27272727272727
5904,70.18181818181819
1499,37.166666666666664
4191,40.083333333333336
7486,32.42857142857143
9644,48.529411764705884
8311,59.8
7591,49.76923076923077
501,30.2
9156,56.666666666666664
9415,75.07692307692308
3096,65.41666666666667
4632,59.916666666666664
368,26.666666666666668
4059,62.88235294117647
8175,40.7
4631,49.0625
6071,55.833333333333336
2665,38.63636363636363
1027,54.72727272727273
5909,34.18181818181818
5051,56.23076923076923
6329,67.33333333333333
9734,88.0909090909091
1692,88.3
674,80.42857142857143
5573,48.529411764705884
5767,34.4
5157,53.857142857142854
734,38.583333333333336
3527,14.3
569,54.11764705882353
9188,27.529411764705884
2923,63.125
7912,42.3
1559,13.416666666666666
102,58.0
3008,37.888888888888886
7202,24.0
304,92.0909090909091
77,62.0625
6755,41.5
8630,74.16666666666667
1209,82.08333333333333
7743,87.70588235294117
8215,85.93333333333334
8945,38.333333333333336
8414,91.94117647058823
1776,39.1578947368421
3474,31.0
484,87.70588235294117
2190,72.4
347,13.416666666666666
5482,83.17647058823529
8362,28.352941176470587
1473,63.6
5101,61.90909090909091
6766,41.3
8707,70.28571428571429
4930,64.25
6330,73.4
2610,37.166666666666664
4,36.23529411764706
2214,23.3
4828,66.04761904761905
857,55.21052631578947
6978,24.0
5886,61.0625
625,42.7
291,39.214285714285715
2019,69.83333333333333
669,54.5
8922,44.5
8265,23.3
9697,39.1578947368421
1632,32.44444444444444
5171,35.18181818181818
7206,68.0
2523,47.1
2216,54.05
6969,43.30769230769231
6497,49.0625
6214,49.916666666666664
7033,30.6
7421,24.416666666666668
1108,59.833333333333336
451,80.4375
6290,46.4
9967,16.764705882352942
136,86.16666666666667
1786,48.8
3405,51.4
2907,71.5
8305,40.89473684210526
7493,65.9
6101,70.125
4505,38.8
5054,42.3
5206,50.833333333333336
4081,41.333333333333336
6919,29.666666666666668
6803,72.58333333333333
5207,43.416666666666664
533,63.55555555555556
4831,62.4
4039,62.88235294117647
4085,74.70588235294117
3205,40.083333333333336
7111,79.0
331,43.916666666666664
4958,43.73684210526316
3034,73.4
7685,63.125
1598,44.90909090909091
9920,76.0
3598,18.1
9039,68.0
8002,34.8
591,47.583333333333336
648,70.125
9103,30.636363636363637
8016,50.833333333333336
3772,56.625
9040,51.4
5083,31.8125
7883,87.70588235294117
9363,43.0
4211,85.92857142857143
8835,37.888888888888886
8700,39.81818181818182
1796,30.4
2587,64.875
8356,48.36842105263158
2317,74.21428571428571
4186,73.15789473684211
8828,56.333333333333336
7073,49.916666666666664
5235,34.72727272727273
8744,49.64705882352941
8671,83.2
4769,46.72727272727273
9973,58.26315789473684
7145,66.36363636363636
2914,75.36363636363636
9872,69.83333333333333
9894,75.63636363636364
2076,35.07142857142857
4303,44.5
5823,79.38461538461539
2150,18.1
145,41.333333333333336
4964,64.36363636363636
8160,59.22222222222222
9031,77.53333333333333
4776,85.06666666666666
8934,34.4
7750,41.9
9829,79.0
9215,39.0
6061,35.18181818181818
9476,64.875
6410,51.4
3318,48.0
7465,50.833333333333336
3062,38.18181818181818
1356,63.7
4515,51.9
5506,63.125
5251,26.545454545454547
4512,77.3
1731,87.70588235294117
1759,78.22222222222223
6651,65.9
6647,84.66666666666667
9861,57.166666666666664
4140,24.416666666666668
9394,68.0
5124,76.6
1,88.94444444444444
1865,49.833333333333336
544,70.9090909090909
350,55.21052631578947
6907,34.4
9766,42.06666666666667
2524,25.583333333333332
3465,72.8
458,64.875
3024,27.9
7262,37.166666666666664
9516,71.0
7873,84.07692307692308
6626,84.33333333333333
2535,59.81818181818182
132,85.23076923076923
3705,31.866666666666667
1373,91.9375
6201,47.0
4857,95.72222222222223
4713,42.55
5545,58.26315789473684
1414,47.3
4114,77.91666666666667
656,77.0
8138,53.88235294117647
4099,33.05263157894737
593,80.81818181818181
8709,80.42857142857143
3124,48.875
3048,84.66666666666667
3888,43.0
5736,47.0
2185,35.6
2146,40.75
7048,41.333333333333336
3106,55.21052631578947
9234,66.66666666666667
9097,70.92307692307692
2770,34.3
5222,56.89473684210526
5834,35.07142857142857
1733,73.4
266,53.63636363636363
5145,88.94444444444444
8268,72.0
3938,71.5
762,57.88235294117647
7221,54.529411764705884
8440,86.16666666666667
3258,50.833333333333336
4339,49.64705882352941
4363,58.1578947368421
317,36.75
8070,38.0
1852,54.529411764705884
2485,31.153846153846153
9874,50.72222222222222
9575,53.583333333333336
1079,46.10526315789474
8359,48.875
7334,83.1
1072,66.08333333333333
104,74.21428571428571
5749,48.4
1419,48.214285714285715
1659,51.64705882352941
5285,47.72222222222222
1150,38.583333333333336
7151,47.0
1569,34.8
1088,52.57142857142857
6086,69.8
8675,25.153846153846153
8342,54.5
7812,86.16666666666667
6085,88.3
8774,80.13333333333334
8758,55.3
1693,66.04761904761905
4735,49.833333333333336
3388,52.57142857142857
3647,58.26315789473684
1684,49.25
9,63.15384615384615
6063,49.916666666666664
6517,19.4
4124,43.416666666666664
8730,24.416666666666668
6046,26.181818181818183
568,58.1578947368421
9162,48.8
1804,86.76470588235294
8502,38.84615384615385
4901,74.27272727272727
1600,88.9
7932,71.0
9548,45.64705882352941
2824,58.3
5468,86.16666666666667
3530,59.8
8684,41.5
1156,70.28571428571429
6548,47.0
9089,56.333333333333336
7621,90.7
8297,49.53846153846154
4541,43.0
9135,72.8
6483,54.5
5827,37.888888888888886
1191,60.3
7445,59.8
8521,46.72727272727273
961,80.4
7455,89.0
37,42.55
7517,75.18181818181819
7645,58.3
4439,55.833333333333336
6162,47.583333333333336
7745,77.54545454545455
9588,46.13333333333333
8120,38.84615384615385
6968,56.23076923076923
5719,68.0
578,22.9
9834,54.7
4103,93.85714285714286
7647,46.72727272727273
4152,95.72222222222223
3131,55.1
4891,54.7
9976,61.588235294117645
7472,41.333333333333336
1834,64.25
9149,88.0909090909091
4892,84.33333333333333
2288,34.3
1331,16.25
2772,82.07692307692308
3687,16.7
8284,41.333333333333336
5929,27.529411764705884
638,91.33333333333333
48,56.833333333333336
2603,48.76923076923077
1966,35.07142857142857
2169,37.166666666666664
5050,26.3
3335,70.2
3020,45.64705882352941
8765,31.0
9177,38.0
1361,30.923076923076923
5799,48.4
9401,44.0
3252,45.84615384615385
6301,26.545454545454547
2252,37.10526315789474
6028,45.64705882352941
1176,19.09090909090909
8800,70.41666666666667
3280,86.76470588235294
2974,35.6
3397,38.30769230769231
6940,85.06666666666666
966,64.36363636363636
8575,24.3125
743,44.0
7515,39.1578947368421
3315,56.89473684210526
4899,76.4375
9341,47.0
4673,22.9
8619,54.6
1218,32.07692307692308
4398,49.64705882352941
6081,34.18181818181818
2615,59.833333333333336
2621,37.75
8715,54.529411764705884
7283,72.58333333333333
3380,81.61538461538461
7302,63.15384615384615
9858,46.13333333333333
5606,67.46153846153847
9814,64.25
5787,16.764705882352942
8519,54.11764705882353
6851,70.9090909090909
1517,34.8
5099,48.8
7637,27.529411764705884
9086,35.0
8024,55.21052631578947
2393,88.3
587,34.42857142857143
3520,26.666666666666668
7654,34.3
8947,32.07692307692308
851,55.21052631578947
336,84.33333333333333
6635,63.6
8973,43.61538461538461
7494,62.88235294117647
2869,72.8
4873,16.25
3551,52.57142857142857
3843,34.72727272727273
7263,56.833333333333336
5825,67.25
24,61.0625
1454,66.63636363636364
1685,47.1
2311,71.8
9064,26.3
9407,58.26315789473684
382,80.81818181818181
5815,75.2
5551,62.90909090909091
9309,34.72727272727273
1619,55.21052631578947
790,82.57142857142857
5984,35.0
8673,70.92307692307692
4476,64.25
5607,34.90909090909091
9313,32.44444444444444
5649,88.3
6217,55.21052631578947
2287,92.0909090909091
9994,56.625
7579,76.4375
1184,69.8
6002,79.38461538461539
5091,20.8
2517,40.89473684210526
4123,35.833333333333336
5522,57.166666666666664
5628,79.0
8361,70.2
5873,73.8
8613,57.166666666666664
7728,42.0
5969,44.38461538461539
1181,61.75
8763,64.36363636363636
8236,26.636363636363637
2819,35.6
9965,62.88235294117647
8704,54.11764705882353
6609,51.0
2821,56.54545454545455
7536,73.15789473684211
2261,48.8
2240,68.4
6022,71.0
783,58.26315789473684
933,53.0625
6203,41.3
2413,34.4
6998,56.833333333333336
9116,54.5
1157,46.10526315789474
8108,43.416666666666664
5806,51.0
4880,70.18181818181819
3310,56.22222222222222
8962,54.53846153846154
1703,32.07692307692308
2493,27.529411764705884
3707,76.75
8277,56.0
287,29.1
1609,75.07692307692308
6632,61.53333333333333
8279,58.6
7316,35.6
2253,62.75
7416,73.15789473684211
8366,48.76923076923077
1892,58.125
5063,39.1578947368421
6121,47.5
564,58.6
292,88.0909090909091
4717,42.06666666666667
7709,82.08333333333333
6350,68.71428571428571
170,79.0
268,56.22222222222222
4639,77.53333333333333
7078,34.3
3356,29.1
8280,38.714285714285715
316,34.42857142857143
6729,45.0
9496,34.42857142857143
4068,45.6
246,63.15384615384615
253,60.0
1112,80.8
4802,77.8
1714,22.90909090909091
51,28.833333333333332
1836,82.57142857142857
7897,41.3
3384,62.4
6411,68.1
4314,62.4
873,89.0
1255,72.46153846153847
8882,56.23076923076923
5852,62.0625
5703,80.8
8104,97.8
2099,26.636363636363637
5129,67.25
249,45.84615384615385
6562,64.875
1340,55.21052631578947
7018,56.89473684210526
2111,64.875
1570,85.06666666666666
1727,68.0
8385,56.625
6941,68.53846153846153
4396,41.3
2421,74.70588235294117
3046,31.8125
5504,38.46153846153846
3704,62.75
8192,86.76470588235294
5332,37.888888888888886
9809,59.09090909090909
448,58.53333333333333
7895,53.88235294117647
8729,86.16666666666667
7829,79.3529411764706
1769,50.833333333333336
6809,46.13333333333333
4705,54.53846153846154
3870,93.85714285714286
1656,92.0909090909091
3188,71.0
684,44.0
4171,66.0
4478,39.7
462,41.5
5765,24.3125
7523,66.04761904761905
4503,74.41666666666667
9710,16.764705882352942
319,85.06666666666666
1146,75.63636363636364
5095,91.33333333333333
1394,48.3
6624,67.0
1502,33.76923076923077
6409,50.833333333333336
377,40.07692307692308
411,55.3
1661,76.0
3152,42.7
1624,88.9
5610,32.42857142857143
8533,30.727272727272727
5803,21.833333333333332
5307,42.06666666666667
7087,41.8
8898,78.33333333333333
7489,83.17647058823529
9616,67.08333333333333
9218,49.833333333333336
1673,52.705882352941174
2359,60.3
8468,61.588235294117645
275,36.23529411764706
2474,54.294117647058826
5490,40.07692307692308
4772,39.1578947368421
2108,38.333333333333336
7501,38.8
4415,61.53333333333333
8139,84.07142857142857
8661,24.0
8240,70.9090909090909
2418,52.705882352941174
8772,23.818181818181817
2237,74.7
3768,64.36363636363636
9792,38.0
9990,26.181818181818183
9966,70.125
7324,67.25
1384,22.083333333333332
3102,47.72222222222222
3922,30.4
6686,16.764705882352942
3195,44.5
1942,47.72222222222222
7714,63.1578947368421
4897,29.636363636363637
4783,63.125
1497,65.0
1958,66.5
9172,61.90909090909091
9746,83.2
7333,54.11764705882353
7950,68.36842105263158
3018,41.3
6747,63.6
514,85.93333333333334
3935,80.05555555555556
3026,51.0
1200,56.89473684210526
5029,53.63636363636363
9785,43.07142857142857
922,28.928571428571427
4650,21.833333333333332
5333,25.153846153846153
1077,62.5
6769,22.9
9411,60.8
1672,71.0
475,55.578947368421055
9187,25.153846153846153
8840,72.8
5759,28.833333333333332
6298,21.5
2479,62.0625
5494,74.7
3915,73.21428571428571
2139,80.05555555555556
5455,68.0
5380,79.3529411764706
8986,72.4
4024,49.833333333333336
3486,52.27272727272727
2456,67.25
2465,58.3
8697,61.75
1370,61.53333333333333
6689,81.9375
7457,77.91666666666667
9975,76.6
1902,74.27272727272727
4872,86.16666666666667
4711,79.0
7887,43.30769230769231
1794,32.166666666666664
2875,43.09090909090909
6218,59.22222222222222
5214,56.23076923076923
2246,38.583333333333336
1742,55.21052631578947
1021,53.0
706,43.09090909090909
4295,71.0
5577,68.8
7167,70.2
8178,33.05263157894737
909,82.07692307692308
5194,39.470588235294116
3078,77.53333333333333
9367,66.63636363636364
595,58.0
5305,31.0
441,42.06666666666667
7607,42.3
4093,38.46153846153846
6135,71.8
11,85.23076923076923
3777,58.53333333333333
9000,43.0
3709,62.0625
3781,71.8
94,74.75
9240,46.4
3950,45.6
5786,31.153846153846153
4871,71.0
4803,32.07692307692308
4868,68.36842105263158
293,31.6875
7889,44.90909090909091
7406,57.88235294117647
5596,20.8
2887,71.5
6455,65.41666666666667
2543,45.84615384615385
1766,56.333333333333336
6801,68.72727272727273
1878,84.33333333333333
1982,48.7
9730,73.15789473684211
9609,85.06666666666666
2686,37.888888888888886
8931,61.0
3459,76.27777777777777
4542,29.3
2179,43.09090909090909
4451,83.2
3860,73.4
7624,53.0625
7655,57.0625
4520,38.8
2518,41.333333333333336
4837,64.57894736842105
2886,62.4
7282,83.16666666666667
6256,78.875
4540,80.13333333333334
5640,66.36363636363636
9460,49.25
3482,75.07692307692308
1278,73.8
3147,74.70588235294117
8263,51.166666666666664
3206,57.166666666666664
9893,69.82352941176471
2743,64.25
6077,42.94117647058823
4048,51.4
5732,40.7
2946,26.0
5791,72.0
6795,32.42857142857143
6544,87.70588235294117
701,46.27777777777778
3575,63.38461538461539
7700,38.46153846153846
2516,65.9
3001,71.5
5821,32.07692307692308
8582,56.89473684210526
3685,26.0
2996,41.9
4253,77.53333333333333
3412,82.08333333333333
7963,48.76923076923077
6310,76.27777777777777
8612,45.0
5013,56.89473684210526
7751,54.11764705882353
5980,46.13333333333333
4049,48.8
4900,42.06666666666667
1319,72.0
9773,40.75
9138,80.4375
7143,38.18181818181818
1898,36.8235294117647
7466,42.94117647058823
604,74.21428571428571
2847,56.89473684210526
8208,24.571428571428573
394,57.88235294117647
4437,47.5
9448,54.6
7235,82.9090909090909
5399,71.92857142857143
96,27.571428571428573
1663,79.38461538461539
8971,22.9
5131,40.90909090909091
1489,71.8
8317,49.833333333333336
2708,62.0625
1596,42.06666666666667
9278,62.5
2378,54.294117647058826
5141,43.0
6148,43.61538461538461
8242,70.92307692307692
3949,72.46153846153847
3934,38.18181818181818
4798,43.61538461538461
4373,77.0
9863,77.53333333333333
8243,70.18181818181819
3449,85.92857142857143
2944,72.8
2466,26.181818181818183
8583,51.166666666666664
5507,83.17647058823529
2699,39.214285714285715
2448,45.7
20,59.916666666666664
2749,81.71428571428571
5400,18.272727272727273
8079,74.75
6872,93.85714285714286
4709,39.1578947368421
9477,48.7
810,43.0
7478,61.588235294117645
2274,70.28571428571429
1924,64.875
1471,41.6
7935,63.55555555555556
7408,52.84615384615385
2407,59.8
1143,32.44444444444444
1748,46.13333333333333
5710,24.3125
4976,63.125
7301,46.10526315789474
8149,38.46153846153846
2834,50.72222222222222
3132,81.61538461538461
1311,37.6
8651,35.18181818181818
6775,59.0
6757,58.0
621,63.15384615384615
2702,56.89473684210526
2200,48.36842105263158
6197,35.18181818181818
8825,62.88235294117647
1047,55.578947368421055
5769,40.89473684210526
9948,44.90909090909091
9020,40.89473684210526
744,29.1
223,61.9
3150,80.13333333333334
626,86.16666666666667
9335,53.88235294117647
7567,76.6
4583,50.90909090909091
5712,61.09090909090909
3285,47.3
7586,46.13333333333333
9647,63.1578947368421
1531,67.08333333333333
9686,56.22222222222222
354,45.333333333333336
2475,55.21052631578947
8014,18.272727272727273
6476,69.8
6450,65.41666666666667
240,46.0
2626,54.53846153846154
9787,71.0
7199,83.2
7693,24.571428571428573
2998,67.25
6441,66.66666666666667
4563,73.15789473684211
8615,52.84615384615385
1480,38.84615384615385
1019,40.90909090909091
3095,70.28571428571429
6183,27.571428571428573
4961,52.27272727272727
8493,49.916666666666664
1104,41.6
6082,50.86666666666667
9526,41.333333333333336
5191,38.63636363636363
4182,92.0909090909091
4468,31.153846153846153
1627,70.9090909090909
6718,51.166666666666664
3799,62.75
3054,70.18181818181819
2868,61.0
1433,25.90909090909091
7984,34.8
9347,86.6875
9420,57.88235294117647
4077,48.214285714285715
218,72.8
3556,33.76923076923077
7937,56.22222222222222
8422,76.27777777777777
1035,27.529411764705884
3774,71.0
4133,44.38461538461539
2336,79.0
6493,83.16666666666667
1483,77.53333333333333
907,91.94117647058823
6089,26.3
6467,68.4
5677,85.92857142857143
2771,62.90909090909091
1806,25.90909090909091
7375,70.18181818181819
2115,48.8
4535,36.6
2532,37.166666666666664
8526,44.0
3471,74.21428571428571
1403,30.727272727272727
853,88.3
3083,41.0
8025,77.0
7566,76.4375
5530,80.42857142857143
7855,40.89473684210526
4933,38.0
5160,82.57142857142857
9716,70.92307692307692
3847,53.63636363636363
6484,35.6
748,43.36363636363637
3035,51.166666666666664
348,60.36363636363637
3352,29.1
2865,73.21428571428571
2168,46.27777777777778
6955,78.33333333333333
6210,37.166666666666664
2778,49.25
1442,40.38461538461539
5658,20.8
9658,67.33333333333333
3028,58.1578947368421
6118,31.153846153846153
2484,56.625
2883,48.8
5562,56.22222222222222
764,91.94117647058823
6482,64.53846153846153
1617,51.9
1223,48.875
8665,71.0
6222,40.89473684210526
1577,87.0909090909091
9392,59.8
6351,80.4375
3783,37.6
4375,53.857142857142854
709,45.64705882352941
510,41.333333333333336
2955,68.8
7538,62.5
6339,52.705882352941174
8923,70.9090909090909
7064,74.5
7163,88.94444444444444
7372,77.0
6829,44.90909090909091
3616,14.3
4657,86.76470588235294
6976,16.764705882352942
4351,82.57142857142857
712,56.22222222222222
6479,81.9375
9130,57.0625
8205,34.18181818181818
9204,20.5
713,32.4375
9113,51.64705882352941
1246,26.636363636363637
9786,35.18181818181818
6849,61.588235294117645
5134,23.818181818181817
716,44.38461538461539
3464,56.89473684210526
4395,82.57142857142857
4569,38.333333333333336
8804,44.5
8490,48.36842105263158
7702,76.6
213,25.235294117647058
9768,68.6
6839,25.90909090909091
1011,25.333333333333332
324,56.54545454545455
5397,54.11764705882353
5991,66.5
3173,60.4
335,28.928571428571427
8306,41.0
2211,77.86666666666666
4272,43.61538461538461
6741,34.42857142857143
234,61.588235294117645
5951,20.833333333333332
5738,32.4375
7922,70.18181818181819
2349,62.0625
2037,38.583333333333336
7485,70.18181818181819
6007,80.81818181818181
4554,46.27777777777778
8073,31.8125
1459,59.8
3289,32.90909090909091
3065,75.5
9437,44.0
775,45.3
6833,72.8
872,45.6
8750,33.05263157894737
1264,20.833333333333332
4834,37.083333333333336
3895,74.5
6324,70.28571428571429
9213,48.4
7020,20.09090909090909
1221,45.0
1447,54.11764705882353
3185,52.705882352941174
409,48.4
4345,32.4375
3022,34.4
2304,35.333333333333336
6272,74.41666666666667
8281,41.3
6642,67.875
6956,63.6
2110,50.833333333333336
5352,44.90909090909091
9684,52.84615384615385
8344,71.2
4550,45.7
1881,51.166666666666664
5946,80.4
1738,48.36842105263158
7794,40.38461538461539
5213,65.41666666666667
3209,47.083333333333336
7083,77.53333333333333
2056,60.3
1689,68.36842105263158
4780,45.7
7476,50.72222222222222
7877,40.38461538461539
6750,79.0
8556,26.545454545454547
8123,24.416666666666668
6991,74.75
8267,68.4
8540,16.764705882352942
3393,25.235294117647058
6326,91.33333333333333
3529,68.63636363636364
4605,63.15384615384615
7024,71.2
6322,61.42857142857143
746,28.916666666666668
711,42.3
380,74.21428571428571
8783,69.82352941176471
3012,51.0
8859,53.88235294117647
7153,54.11764705882353
8567,28.916666666666668
3498,62.90909090909091
3890,79.38461538461539
4485,80.81818181818181
4012,90.5
2620,79.3529411764706
6671,46.13333333333333
6513,45.84615384615385
3468,62.4
1314,59.0
8606,48.214285714285715
2070,68.6
2983,63.9
5915,46.13333333333333
9171,53.63636363636363
1286,64.875
8991,27.529411764705884
8430,24.3125
1350,70.91666666666667
2612,30.727272727272727
9495,57.166666666666664
3669,69.8
2222,63.55555555555556
428,24.0
654,72.8
9914,27.571428571428573
3536,59.22222222222222
7737,42.94117647058823
3246,40.75
4741,41.9
9069,71.0
4100,49.0625
4101,28.833333333333332
6960,51.9
612,56.23076923076923
4289,30.727272727272727
8571,73.15789473684211
9713,30.636363636363637
1544,37.166666666666664
9536,53.0
3854,54.294117647058826
555,33.05263157894737
6366,80.81818181818181
512,25.90909090909091
3207,38.8
8085,69.83333333333333
968,81.71428571428571
6044,37.888888888888886
6880,71.2
6776,67.25
3296,66.04761904761905
8702,48.529411764705884
3430,60.75
8871,81.71428571428571
6963,55.833333333333336
2089,62.4
8500,51.64705882352941
6163,85.92857142857143
3211,80.13333333333334
9201,56.89473684210526
6606,51.166666666666664
1110,49.833333333333336
5729,74.70588235294117
7830,63.15384615384615
1039,70.92307692307692
1195,57.88235294117647
4475,61.588235294117645
9875,37.166666666666664
2123,41.0
4983,80.42857142857143
8974,45.64705882352941
5701,18.166666666666668
935,88.94444444444444
6102,71.0
4690,24.416666666666668
395,34.18181818181818
4686,32.44444444444444
8777,56.23076923076923
9166,51.64705882352941
5981,88.9
9943,88.94444444444444
2192,43.416666666666664
1298,63.1578947368421
5045,34.3
1163,54.294117647058826
4255,86.76470588235294
6373,38.18181818181818
1528,25.333333333333332
4343,39.1578947368421
2031,47.5
3061,30.6
59,80.13333333333334
2406,79.0
5007,80.05555555555556
6158,71.6
7376,29.0
4507,27.9
5215,64.36363636363636
6030,75.07692307692308
1781,63.15384615384615
5448,61.53333333333333
4607,62.88235294117647
6915,68.0
677,76.0
3583,35.18181818181818
3654,37.333333333333336
7921,45.6
9500,58.0
2733,79.3529411764706
4788,48.36842105263158
2755,55.578947368421055
2338,13.416666666666666
3644,70.18181818181819
7738,63.7
5517,47.0
5247,53.88235294117647
867,20.09090909090909
4448,35.18181818181818
5072,49.53846153846154
4882,58.26315789473684
9511,37.083333333333336
3003,27.9
2226,18.272727272727273
9057,79.3076923076923
4827,79.38461538461539
7622,84.33333333333333
9690,31.6875
5501,24.3125
9701,61.53333333333333
8479,95.66666666666667
5503,91.94117647058823
1211,34.72727272727273
9084,68.0
2289,77.53333333333333
2184,47.0
2863,71.92857142857143
6862,45.84615384615385
2363,72.8
8464,83.17647058823529
6333,59.22222222222222
4065,73.21428571428571
9547,32.07692307692308
618,62.88235294117647
3282,36.27272727272727
5227,45.6
3398,70.41666666666667
3066,56.625
767,37.888888888888886
7079,87.9375
5280,61.0
4150,37.888888888888886
1145,20.833333333333332
4249,50.86666666666667
4111,25.153846153846153
463,25.235294117647058
2933,59.81818181818182
4624,25.333333333333332
3814,84.33333333333333
6309,62.75
4342,37.166666666666664
5301,31.153846153846153
6805,77.8
3283,72.8
2575,64.57894736842105
7962,43.416666666666664
7880,61.53333333333333
829,59.81818181818182
6487,34.18181818181818
7600,45.7
2541,77.54545454545455
5747,75.5
8527,43.61538461538461
9567,80.81818181818181
3743,45.7
7499,57.0625
3525,87.70588235294117
21,74.21428571428571
1916,82.07692307692308
6572,70.125
9019,61.53333333333333
2013,38.84615384615385
5406,73.15789473684211
1296,88.0909090909091
3746,44.90909090909091
592,45.64705882352941
1407,47.72222222222222
222,62.4
5618,37.166666666666664
6249,18.1
4419,67.25
859,77.86666666666666
1784,37.888888888888886
7260,77.53333333333333
6857,76.27777777777777
1955,71.0
1747,75.18181818181819
3133,70.9090909090909
8037,62.88235294117647
8851,50.72222222222222
995,54.05
6109,72.0
731,76.27777777777777
6975,68.8
6274,74.7
6752,67.875
3510,78.33333333333333
3534,69.8
2514,75.63636363636364
5437,29.666666666666668
3626,41.3
466,38.8
6756,65.0
6760,43.73684210526316
7992,52.705882352941174
158,25.90909090909091
3961,35.6
8833,86.76470588235294
5471,60.0
186,66.04761904761905
1003,54.11764705882353
9509,40.89473684210526
5624,72.8
401,18.166666666666668
6241,26.3
8941,37.75
9933,73.15789473684211
7343,59.81818181818182
9833,74.5
8467,52.84615384615385
8757,42.0
7959,20.5
1251,52.69230769230769
3144,56.0
7431,61.09090909090909
60,41.333333333333336
7856,50.72222222222222
1114,45.18181818181818
3058,32.44444444444444
9570,28.928571428571427
1329,29.1
4996,47.083333333333336
6683,79.38461538461539
2073,56.333333333333336
4794,77.86666666666666
6830,87.70588235294117
9630,43.73684210526316
8219,20.8
7568,19.4
5923,47.72222222222222
1551,87.9375
1010,83.35714285714286
3756,41.3
8682,47.0
9343,73.4
8010,86.6875
3861,52.27272727272727
3149,46.0
2520,53.88235294117647
3128,38.46153846153846
9085,58.53333333333333
5317,20.8
1196,83.1
9051,68.58823529411765
880,72.8
6990,60.4
2488,44.285714285714285
2841,34.63636363636363
4330,56.23076923076923
2931,51.64705882352941
6425,63.166666666666664
2486,49.0625
5748,26.181818181818183
884,47.72222222222222
4915,67.46153846153847
6211,64.875
9579,72.8
212,31.8125
2276,77.53333333333333
2329,46.9
4951,53.0
3320,78.33333333333333
9835,31.8125
4608,44.5
1439,83.35714285714286
468,70.18181818181819
5467,50.9
3330,38.84615384615385
5829,39.7
8608,67.25
697,49.53846153846154
7268,25.90909090909091
9145,52.57142857142857
8181,26.545454545454547
9939,50.72222222222222
1315,52.69230769230769
2302,79.38461538461539
2040,78.875
7109,87.0909090909091
3667,91.94117647058823
915,61.75
13,24.0
8584,14.3
6428,60.36363636363637
1537,70.38461538461539
737,32.166666666666664
8202,68.0
8653,60.90909090909091
454,18.454545454545453
4346,58.26315789473684
928,60.3
6292,71.8
8282,48.3
8723,41.0
6474,47.72222222222222
38,69.82352941176471
5771,81.71428571428571
2555,71.92857142857143
7633,83.2
9999,95.72222222222223
6621,53.857142857142854
941,54.529411764705884
7399,42.55
6129,34.42857142857143
9830,80.42857142857143
2681,27.571428571428573
4355,35.07142857142857
3059,32.4375
7881,48.76923076923077
739,14.3
539,67.875
3326,64.36363636363636
4240,61.588235294117645
1401,70.9090909090909
4047,41.9
5138,66.6
4230,88.94444444444444
4192,61.588235294117645
9143,74.41666666666667
5539,45.0
2693,30.727272727272727
5341,59.5
9918,83.16666666666667
7671,70.18181818181819
9174,32.44444444444444
1808,51.2
5112,79.3529411764706
3990,70.91666666666667
3456,68.63636363636364
2908,68.8
6652,42.0
8288,38.30769230769231
6245,73.4
2698,14.3
4017,65.27272727272727
4340,68.36842105263158
4646,74.7
7740,68.71428571428571
7092,62.4
4693,47.083333333333336
1740,29.666666666666668
5407,29.0
4589,32.07692307692308
3126,60.90909090909091
2158,75.46666666666667
5334,30.923076923076923
8637,34.90909090909091
1826,47.583333333333336
4231,52.57142857142857
3488,37.166666666666664
9054,50.72222222222222
9769,70.9090909090909
3648,40.90909090909091
5903,74.70588235294117
6386,48.214285714285715
5639,29.0
6424,86.76470588235294
7827,16.764705882352942
7744,45.3
3013,63.1578947368421
7672,22.2
9549,65.0
9978,80.4375
3081,53.88235294117647
3521,33.76923076923077
4979,91.9375
7620,40.75
4348,81.9375
8441,16.7
1347,23.3
7088,55.578947368421055
8948,79.38461538461539
5652,65.9
8082,36.23529411764706
1792,51.4
7429,68.53846153846153
9580,66.36363636363636
9960,71.92857142857143
2271,59.8
9767,46.13333333333333
2956,32.42857142857143
3444,88.9
7736,13.416666666666666
834,61.53333333333333
6499,66.63636363636364
2992,52.57142857142857
7793,59.09090909090909
2151,49.916666666666664
4023,33.375
7615,66.36363636363636
6124,75.5
3339,39.7
4344,72.8
4464,72.4
2376,56.666666666666664
9044,43.36363636363637
5571,53.0
8599,95.72222222222223
8504,38.714285714285715
8880,54.5
1887,63.125
1198,48.3
6427,79.0
8911,33.375
2936,77.0
6342,43.61538461538461
1430,42.083333333333336
6307,28.0
3650,42.55
1938,35.333333333333336
5172,81.71428571428571
7764,48.0
6393,31.8125
1154,85.06666666666666
6250,55.833333333333336
7037,38.0
4229,46.9
4975,43.36363636363637
6401,89.0
3640,30.6
3972,79.3529411764706
9594,67.08333333333333
3376,83.35714285714286
2487,51.9
6954,45.333333333333336
606,54.529411764705884
7444,35.18181818181818
5928,60.0
2454,70.9090909090909
3609,20.09090909090909
1484,48.0
4519,30.6
3038,53.583333333333336
9352,84.07142857142857
7692,56.833333333333336
4116,59.833333333333336
1427,45.18181818181818
497,91.94117647058823
3353,50.72222222222222
8794,56.333333333333336
759,78.22222222222223
838,18.454545454545453
4327,50.72222222222222
2128,67.0
1023,80.81818181818181
8762,66.36363636363636
5614,53.0
5581,50.72222222222222
1058,70.125
9542,58.125
6856,58.1578947368421
7349,97.8
9045,48.3
2129,86.76470588235294
2767,79.38461538461539
2109,67.875
3617,58.0
1545,26.666666666666668
6914,46.27777777777778
1719,48.875
7435,26.636363636363637
7365,64.36363636363636
6235,41.9
725,73.21428571428571
6673,65.0
8029,86.76470588235294
5492,28.0
1128,69.83333333333333
2957,48.36842105263158
5156,55.21052631578947
4817,54.294117647058826
6202,72.8
6224,53.0
8686,41.5
7114,83.35714285714286
5275,43.0
8536,53.0625
3044,73.15789473684211
6912,42.55
150,60.3
7574,45.6
4206,42.94117647058823
5493,34.4
2690,75.46666666666667
4221,53.63636363636363
9102,34.8
842,69.45454545454545
8137,45.333333333333336
6438,77.86666666666666
9700,68.71428571428571
6200,27.9
2795,41.5
7626,67.46153846153847
8475,49.833333333333336
7890,42.0
6608,43.09090909090909
9195,48.7
8248,50.72222222222222
1393,46.27777777777778
1922,75.5
7019,41.5
3622,50.72222222222222
4849,75.18181818181819
2292,43.36363636363637
2134,57.166666666666664
551,78.22222222222223
1741,48.214285714285715
5290,37.083333333333336
1818,52.84615384615385
4699,71.8
5182,60.75
3019,45.7
18,70.28571428571429
1771,57.0625
1889,61.42857142857143
2153,80.42857142857143
1643,13.416666666666666
7847,65.0
4194,28.0
9433,81.72727272727273
8899,38.30769230769231
534,45.90909090909091
133,38.8
7723,87.70588235294117
8459,31.6875
965,18.166666666666668
8720,51.166666666666664
6413,48.4
8286,63.15384615384615
7854,16.764705882352942
1096,63.6
6930,47.72222222222222
